<?xml version="1.0" encoding="UTF-8" standalone="no"?><Empleados>
    <empleado>
        <id>1</id>
        <apellido>FERNANDEZ</apellido>
        <dep>10</dep>
        <salario>1000.45</salario>
    </empleado>
    <empleado>
        <id>2</id>
        <apellido>GIL</apellido>
        <dep>20</dep>
        <salario>2400.6</salario>
    </empleado>
    <empleado>
        <id>3</id>
        <apellido>LOPEZ</apellido>
        <dep>10</dep>
        <salario>3000.0</salario>
    </empleado>
    <empleado>
        <id>4</id>
        <apellido>RAMOS</apellido>
        <dep>10</dep>
        <salario>1500.56</salario>
    </empleado>
    <empleado>
        <id>5</id>
        <apellido>SEVILLA</apellido>
        <dep>30</dep>
        <salario>2200.0</salario>
    </empleado>
    <empleado>
        <id>6</id>
        <apellido>CASILLA</apellido>
        <dep>30</dep>
        <salario>1435.87</salario>
    </empleado>
    <empleado>
        <id>7</id>
        <apellido>REY</apellido>
        <dep>20</dep>
        <salario>2000.0</salario>
    </empleado>
</Empleados>