<?xml version="1.0" encoding="UTF-8"?>
<project-private xmlns="http://www.netbeans.org/ns/project-private/1">
    <editor-bookmarks xmlns="http://www.netbeans.org/ns/editor-bookmarks/2" lastBookmarkId="0"/>
    <open-files xmlns="http://www.netbeans.org/ns/projectui-open-files/2">
        <group>
            <file>file:/C:/Users/alumno/Documents/NetBeansProjects/AccesoDatos/src/Acessodatos2XML/LeerFichAleatorio.java</file>
            <file>file:/C:/Users/alumno/Documents/NetBeansProjects/AccesoDatos/src/Acessodatos2XML/ejemplo1.java</file>
            <file>file:/C:/Users/alumno/Documents/NetBeansProjects/AccesoDatos/src/Ejercicios/ej10.java</file>
            <file>file:/C:/Users/alumno/Documents/NetBeansProjects/AccesoDatos/src/Acessodatos2XML/CrearEmpleadoXMLDOM.java</file>
            <file>file:/C:/Users/alumno/Documents/NetBeansProjects/AccesoDatos/src/Ejercicios/ej6.java</file>
            <file>file:/C:/Users/alumno/Documents/NetBeansProjects/AccesoDatos/src/Acessodatos2XML/ejemplo2.java</file>
            <file>file:/C:/Users/alumno/Documents/NetBeansProjects/AccesoDatos/src/Ejercicios/ej7.java</file>
            <file>file:/C:/Users/alumno/Documents/NetBeansProjects/AccesoDatos/src/Ejercicios/ej9.java</file>
            <file>file:/C:/Users/alumno/Documents/NetBeansProjects/AccesoDatos/src/Acessodatos2XML/EscribirFichAleatorio.java</file>
            <file>file:/C:/Users/alumno/Documents/NetBeansProjects/AccesoDatos/src/Acessodatos2XML/LecturaEmpleadoXMLDOM.java</file>
            <file>file:/C:/Users/alumno/Documents/NetBeansProjects/AccesoDatos/src/Ejercicios/ej8.java</file>
            <file>file:/C:/Users/alumno/Documents/NetBeansProjects/AccesoDatos/src/Ejercicios/ej4.java</file>
        </group>
    </open-files>
</project-private>
