<?xml version="1.0" encoding="UTF-8"?>
<project-private xmlns="http://www.netbeans.org/ns/project-private/1">
    <editor-bookmarks xmlns="http://www.netbeans.org/ns/editor-bookmarks/2" lastBookmarkId="0"/>
    <open-files xmlns="http://www.netbeans.org/ns/projectui-open-files/2">
        <group>
            <file>file:/C:/Users/alumno/Documents/NetBeansProjects/ConexionOracle/src/conexionoracle/ConexionOracle.java</file>
            <file>file:/C:/Users/alumno/Documents/NetBeansProjects/ConexionOracle/src/conexionoracle/Oracle.java</file>
            <file>file:/C:/Users/alumno/Documents/NetBeansProjects/ConexionOracle/src/conexionoracle/FuncNombre_DeptOracle.java</file>
            <file>file:/C:/Users/alumno/Documents/NetBeansProjects/ConexionOracle/src/conexionoracle/DMLInsertDeptPrep.java</file>
            <file>file:/C:/Users/alumno/Documents/NetBeansProjects/ConexionOracle/src/conexionoracle/InsertDepartamento.java</file>
            <file>file:/C:/Users/alumno/Documents/NetBeansProjects/ConexionOracle/src/conexionoracle/VerEmpleado.java</file>
            <file>file:/C:/Users/alumno/Documents/NetBeansProjects/ConexionOracle/src/conexionoracle/ProcSubida_SalOracle.java</file>
        </group>
    </open-files>
</project-private>
